City_ID,City,Lat,Lng,Max Temp,Humidity,Cloudiness,Wind Speed,Country,Date,Max Temp (Â°F)
0,grytviken,-54.2811,-36.5092,36.03200000000002,97,100,5.91,GS,1696263299,36.03200000000002
1,selfoss,63.9331,-20.9971,50.03600000000007,61,86,6.23,IS,1696263246,50.03600000000007
2,korla,41.7597,86.1469,67.316,30,83,3.01,CN,1696263452,67.316
3,tiksi,71.6872,128.8694,26.564000000000032,85,100,3.66,RU,1696263146,26.564000000000032
4,kingston,17.997,-76.7936,92.24600000000005,68,20,1.54,JM,1696263297,92.24600000000005
5,qaqortoq,60.7167,-46.0333,43.43000000000004,48,100,1.33,GL,1696263453,43.43000000000004
6,wailua homesteads,22.0669,-159.378,72.03200000000001,85,40,3.09,US,1696263288,72.03200000000001
7,lerwick,60.1545,-1.1494,55.4,76,27,10.39,GB,1696262984,55.4
8,edinburgh of the seven seas,-37.0676,-12.3116,49.15400000000005,61,81,11.77,SH,1696262928,49.15400000000005
9,sabang,5.8933,95.3214,82.86800000000008,78,87,7.95,ID,1696263454,82.86800000000008
10,shenkursk,62.1091,42.896,45.95,89,100,3.13,RU,1696263455,45.95
11,vilyuchinsk,52.9306,158.4028,47.93000000000004,81,100,13.23,RU,1696263455,47.93000000000004
12,olonkinbyen,70.9221,-8.7187,36.91400000000003,89,100,8.24,SJ,1696263157,36.91400000000003
13,tanout,14.9709,8.8879,85.01000000000008,36,95,8.24,NE,1696263138,85.01000000000008
14,port-aux-francais,-49.35,70.2167,33.51200000000006,59,100,15.24,TF,1696262956,33.51200000000006
15,ushuaia,-54.8,-68.3,41.05400000000005,59,96,2.72,AR,1696262923,41.05400000000005
16,hawaiian paradise park,19.5933,-154.9731,72.03200000000001,95,20,2.57,US,1696262919,72.03200000000001
17,tazovsky,67.4667,78.7,43.97000000000006,96,100,7.27,RU,1696262963,43.97000000000006
18,whitehorse,60.7161,-135.0538,39.30800000000001,86,99,4.47,CA,1696262974,39.30800000000001
19,sur,22.5667,59.5289,84.7760000000001,62,40,0.14,OM,1696263003,84.7760000000001
20,pressbaum,48.176,16.0477,75.90200000000007,55,75,3.09,AT,1696263457,75.90200000000007
21,joshimath,30.5667,79.5667,63.41000000000008,84,25,0.83,IN,1696263458,63.41000000000008
22,labuan,5.2767,115.2417,79.16000000000008,94,20,0.0,MY,1696263458,79.16000000000008
23,thompson,55.7435,-97.8558,41.05400000000005,80,90,2.66,CA,1696262884,41.05400000000005
24,waitangi,-43.9535,-176.5597,50.82800000000007,86,98,4.47,NZ,1696262917,50.82800000000007
25,yellowknife,62.456,-114.3525,42.42200000000004,100,75,2.06,CA,1696262899,42.42200000000004
26,norilsk,69.3535,88.2027,27.428000000000065,86,100,5.67,RU,1696263459,27.428000000000065
27,gornyy,55.1153,83.9059,42.56600000000001,67,35,2.6,RU,1696263460,42.56600000000001
28,sisimiut,66.9395,-53.6735,37.72400000000001,58,94,1.15,GL,1696263460,37.72400000000001
29,kodiak,57.79,-152.4072,44.11400000000003,65,0,3.09,US,1696262922,44.11400000000003
30,shengli,37.4564,118.4856,69.65600000000003,44,100,2.54,CN,1696263461,69.65600000000003
31,palikir - national government center,6.9248,158.1611,82.90400000000005,73,19,1.97,FM,1696263125,82.90400000000005
32,vila velha,-20.3297,-40.2925,84.14600000000004,81,20,4.63,BR,1696262970,84.14600000000004
33,sault ste. marie,46.5168,-84.3333,73.68800000000005,70,0,5.14,CA,1696263314,73.68800000000005
34,san antonio de pale,-1.4014,5.6325,77.46800000000009,86,100,6.22,GQ,1696263462,77.46800000000009
35,mahalapye,-23.1041,26.8142,73.22000000000006,37,0,7.96,BW,1696263462,73.22000000000006
36,klyuchi,52.2667,79.1667,45.104000000000056,46,2,3.34,RU,1696263206,45.104000000000056
37,ingeniero guillermo n. juarez,-23.9,-61.85,95.30600000000003,21,7,4.27,AR,1696263463,95.30600000000003
38,invercargill,-46.4,168.35,37.022000000000034,84,12,1.34,NZ,1696263463,37.022000000000034
39,ust-nera,64.5667,143.2,29.210000000000083,81,31,0.89,RU,1696263128,29.210000000000083
40,susuman,62.7833,148.1667,28.97600000000009,82,11,1.34,RU,1696263207,28.97600000000009
41,ambovombe,-25.1667,46.0833,66.29000000000002,65,100,7.11,MG,1696263122,66.29000000000002
42,udachny,66.4167,112.4,21.452000000000076,85,13,2.64,RU,1696262936,21.452000000000076
43,uturoa,-16.7333,-151.4333,78.674,80,14,5.94,PF,1696263236,78.674
44,raduzhny,62.0961,77.475,49.820000000000064,83,90,6.39,RU,1696263465,49.820000000000064
45,slave lake,55.2834,-114.769,44.582000000000015,76,100,1.03,CA,1696263345,44.582000000000015
46,puerto natales,-51.7236,-72.4875,48.65,61,75,5.66,CL,1696263116,48.65
47,keetmanshoop,-26.5833,18.1333,96.76400000000004,6,0,6.31,,1696263466,96.76400000000004
48,titahari,26.6667,87.2833,79.37600000000009,88,71,2.64,NP,1696263466,79.37600000000009
49,pisco,-13.7,-76.2167,71.02400000000002,73,0,4.12,PE,1696263096,71.02400000000002
50,malvan,16.0667,73.4667,79.28600000000007,84,100,2.44,IN,1696263467,79.28600000000007
51,watsa,3.0372,29.5355,68.52200000000003,93,45,2.56,CD,1696263468,68.52200000000003
52,praia da vitoria,38.7333,-27.0667,71.85200000000007,68,20,5.63,PT,1696263147,71.85200000000007
53,vorgashor,67.5833,63.95,46.45400000000005,94,100,6.99,RU,1696262974,46.45400000000005
54,talnakh,69.4865,88.3972,27.212000000000057,79,100,6.27,RU,1696263142,27.212000000000057
55,ribeira grande,38.5167,-28.7,71.99600000000005,56,20,5.66,PT,1696263159,71.99600000000005
56,cadale,2.7603,46.3222,79.37600000000009,82,4,7.6,SO,1696263469,79.37600000000009
57,atafu village,-8.5421,-172.5159,82.45400000000005,74,20,1.33,TK,1696263141,82.45400000000005
58,houghton,47.1219,-88.569,82.67000000000006,73,0,3.09,US,1696263269,82.67000000000006
59,'alaqahdari dishu,30.4374,63.313,77.57600000000009,12,0,1.45,AF,1696263470,77.57600000000009
60,brownwood,31.7093,-98.9912,86.0,48,0,5.14,US,1696263196,86.0
61,port elizabeth,-33.918,25.5701,69.31400000000004,73,0,0.89,ZA,1696262933,69.31400000000004
62,camargo,27.6667,-105.1667,78.74600000000005,50,93,6.75,MX,1696263471,78.74600000000005
63,afaahiti,-17.75,-149.2833,73.27400000000002,88,75,7.99,PF,1696263119,73.27400000000002
64,adamstown,-25.066,-130.1015,68.14400000000008,75,18,10.88,PN,1696263111,68.14400000000008
65,kuala belait,4.5833,114.1833,78.96200000000006,84,100,1.77,BN,1696263472,78.96200000000006
66,stanley,54.868,-1.6985,57.056000000000026,85,20,2.57,GB,1696262932,57.056000000000026
67,usogorsk,63.4106,48.6872,44.67200000000004,86,100,3.61,RU,1696263473,44.67200000000004
68,khanty-mansiysk,61.0042,69.0019,55.508,62,0,7.15,RU,1696263473,55.508
69,nantucket,41.2835,-70.0995,69.94400000000007,78,0,10.29,US,1696262904,69.94400000000007
70,gevrai,19.2667,75.75,78.51200000000006,69,99,3.44,IN,1696263474,78.51200000000006
71,meulaboh,4.1363,96.1285,77.39600000000004,89,99,2.75,ID,1696263474,77.39600000000004
72,saynshand,44.8824,110.1163,53.54600000000005,45,0,7.74,MN,1696263156,53.54600000000005
73,papatowai,-46.5619,169.4708,37.418000000000085,81,59,2.83,NZ,1696262927,37.418000000000085
74,bikenibeu village,1.3673,173.1241,84.16400000000003,74,20,2.06,KI,1696263475,84.16400000000003
75,arauco,-37.2463,-73.3175,53.24000000000002,76,90,2.26,CL,1696263475,53.24000000000002
76,polyarnyy,69.1989,33.4478,37.562000000000054,68,85,4.64,RU,1696263035,37.562000000000054
77,san patricio,28.017,-97.5169,84.092,70,33,6.5,US,1696263476,84.092
78,kencong,-8.2833,113.3667,74.57000000000006,85,89,0.89,ID,1696263476,74.57000000000006
79,west island,-12.1568,96.8225,76.98200000000001,78,40,8.75,CC,1696263477,76.98200000000001
80,liperi,62.5333,29.3667,48.668000000000085,87,0,1.54,FI,1696263477,48.668000000000085
81,aykhal,66.0,111.5,18.068000000000087,91,36,3.13,RU,1696263144,18.068000000000087
82,anloga,5.7947,0.8973,82.41800000000009,74,10,5.52,GH,1696263478,82.41800000000009
83,margaret river,-33.95,115.0667,55.148000000000025,61,100,8.37,AU,1696262945,55.148000000000025
84,slavyanka,42.8633,131.3847,55.61600000000001,60,1,2.93,RU,1696263479,55.61600000000001
85,hami,42.8,93.45,67.46000000000008,27,93,0.78,CN,1696263134,67.46000000000008
86,puerto ayora,-0.7393,-90.3518,82.36400000000003,99,99,2.24,EC,1696263114,82.36400000000003
87,kisangani,0.5167,25.2,84.32600000000009,62,82,0.4,CD,1696263480,84.32600000000009
88,avarua,-21.2078,-159.775,69.85400000000006,78,100,4.63,CK,1696262924,69.85400000000006
89,blackmans bay,-43.0167,147.3167,51.728000000000065,64,1,4.35,AU,1696263137,51.728000000000065
90,palapye,-22.546,27.1251,72.608,40,0,7.84,BW,1696263481,72.608
91,shache,38.4167,77.2406,67.78399999999999,19,91,2.95,CN,1696263376,67.78399999999999
92,laojunmiao,39.8333,97.7333,53.67200000000004,37,83,2.9,CN,1696263213,53.67200000000004
93,bilibino,68.0546,166.4372,23.954000000000054,99,98,1.39,RU,1696263155,23.954000000000054
94,tralee,52.2704,-9.7026,61.05200000000008,72,20,2.06,IE,1696263212,61.05200000000008
95,veraval,20.9,70.3667,80.22200000000004,70,5,3.53,IN,1696263118,80.22200000000004
96,albany,42.6001,-73.9662,72.95,53,14,1.92,US,1696262829,72.95
97,fisterra,42.9049,-9.2629,74.75,83,100,5.06,ES,1696263177,74.75
98,weno,7.4515,151.8468,82.92200000000004,74,58,1.47,FM,1696263143,82.92200000000004
99,college,64.8569,-147.8028,34.070000000000064,91,100,1.54,US,1696262989,34.070000000000064
100,nemuro,43.3236,145.575,56.408,74,3,9.4,JP,1696263484,56.408
101,burang,30.25,81.1667,43.46600000000001,75,42,2.9,CN,1696263484,43.46600000000001
102,temiskaming shores,47.4938,-79.7153,69.60200000000007,60,36,5.77,CA,1696263335,69.60200000000007
103,vaxjo,56.8777,14.8091,62.65400000000005,90,40,3.09,SE,1696263486,62.65400000000005
104,hermanus,-34.4187,19.2345,64.02200000000003,72,0,1.6,ZA,1696263128,64.02200000000003
105,iqaluit,63.7506,-68.5145,40.694000000000074,75,89,5.81,CA,1696262925,40.694000000000074
106,port alfred,-33.5906,26.891,69.18800000000005,77,0,1.79,ZA,1696262981,69.18800000000005
107,tromso,69.6496,18.957,39.21800000000009,81,75,4.63,NO,1696262922,39.21800000000009
108,chadan,51.2833,91.5833,41.342,60,1,2.05,RU,1696263487,41.342
109,bethel,41.3712,-73.414,76.208,66,0,2.06,US,1696262949,76.208
110,glenfield park,-35.1372,147.334,70.592,62,99,4.05,AU,1696263488,70.592
111,ma'rib,15.4591,45.3253,82.292,15,0,1.33,YE,1696263489,82.292
112,center,31.5107,-96.4247,85.24400000000007,58,4,0.45,US,1696263489,85.24400000000007
113,najran,17.4924,44.1277,86.64800000000002,12,0,3.49,SA,1696263489,86.64800000000002
114,santa ana de yacuma,-13.75,-65.4333,99.98600000000008,33,60,4.52,BO,1696263490,99.98600000000008
115,dumai,1.6833,101.45,75.72200000000004,95,92,1.43,ID,1696263242,75.72200000000004
116,san fernando de apure,7.8878,-67.4724,92.49800000000002,55,83,1.84,VE,1696263490,92.49800000000002
117,manaure,11.7751,-72.4445,88.37600000000009,63,58,3.04,CO,1696263491,88.37600000000009
118,nadi,-17.8,177.4167,69.8,78,40,4.12,FJ,1696263177,69.8
119,inari,68.906,27.0288,33.998000000000026,79,100,2.42,FI,1696263492,33.998000000000026
120,kone,-21.0595,164.8658,65.3,87,43,2.45,NC,1696263180,65.3
121,porto novo,6.4965,2.6036,84.29000000000002,67,76,4.22,BJ,1696263492,84.29000000000002
122,cambria,35.5641,-121.0808,63.62600000000009,70,4,0.67,US,1696263492,63.62600000000009
123,naze,28.3667,129.4833,79.71800000000009,80,86,9.09,JP,1696263233,79.71800000000009
124,remire-montjoly,4.9167,-52.2667,91.43600000000006,58,40,6.17,GF,1696263165,91.43600000000006
125,boa vista,2.8197,-60.6733,98.58200000000002,30,0,2.06,BR,1696263493,98.58200000000002
126,kurchum,48.5722,83.6542,56.21000000000008,55,21,1.92,KZ,1696263494,56.21000000000008
127,betio village,1.358,172.9211,84.23600000000008,75,6,2.95,KI,1696263494,84.23600000000008
128,lompoc,34.6391,-120.4579,62.852000000000075,88,40,2.57,US,1696263159,62.852000000000075
129,bardai,11.65,7.2333,78.65600000000003,73,99,0.78,NG,1696263214,78.65600000000003
130,tobruk,32.0836,23.9764,76.37000000000006,55,0,6.32,LY,1696263260,76.37000000000006
131,karungdong,5.8844,121.263,81.93200000000002,83,100,2.52,PH,1696263497,81.93200000000002
132,colonia,50.9333,6.95,80.96000000000008,52,0,3.6,DE,1696262916,80.96000000000008
133,bousso,10.4795,16.7117,90.608,52,76,1.59,TD,1696263499,90.608
134,jogbani,26.4167,87.25,79.484,91,51,3.6,IN,1696263500,79.484
135,huarmey,-10.0681,-78.1522,71.67200000000004,75,26,4.24,PE,1696263139,71.67200000000004
136,jasper,37.2001,-94.3502,83.04800000000003,53,40,3.6,US,1696263477,83.04800000000003
137,linton,39.0348,-87.1658,84.00200000000008,40,0,2.5,US,1696263439,84.00200000000008
138,agat village,13.3886,144.6585,79.75400000000005,89,75,3.6,GU,1696263500,79.75400000000005
139,mincivan,39.0294,46.7185,68.86400000000003,73,66,1.15,AZ,1696263501,68.86400000000003
140,lan sak,15.4529,99.5761,76.06400000000004,90,79,2.34,TH,1696263501,76.06400000000004
141,st. john's,47.5649,-52.7093,64.27400000000002,84,50,2.24,CA,1696263000,64.27400000000002
142,tazacorte,28.629,-17.9293,77.97200000000004,73,0,4.63,ES,1696263243,77.97200000000004
143,cannonvale,-20.2833,148.7,70.98800000000004,86,9,4.58,AU,1696263162,70.98800000000004
144,bandar-e lengeh,26.5579,54.8807,89.708,62,0,3.09,IR,1696263502,89.708
145,pahrump,36.2083,-115.9839,59.05400000000005,61,71,0.45,US,1696263502,59.05400000000005
146,volokonovka,50.4827,37.8563,53.87000000000006,75,90,3.34,RU,1696263502,53.87000000000006
147,kuta,-8.7233,115.1723,77.0,100,40,2.24,ID,1696263502,77.0
148,fort st. john,56.2499,-120.8529,46.291999999999994,87,75,4.63,CA,1696263190,46.291999999999994
149,thinadhoo,0.5333,72.9333,82.79600000000005,75,87,5.34,MV,1696263503,82.79600000000005
150,muzaffarabad,34.37,73.4711,66.47000000000006,46,0,2.05,PK,1696263503,66.47000000000006
151,carutapera,-1.195,-46.02,89.97800000000007,52,85,5.16,BR,1696263154,89.97800000000007
152,shahba,32.8551,36.629,65.24600000000005,68,100,8.14,SY,1696263503,65.24600000000005
153,iskateley,67.6803,53.1512,39.02000000000006,78,100,9.39,RU,1696263190,39.02000000000006
154,bidur,4.1167,101.2833,76.442,90,100,1.35,MY,1696263504,76.442
155,mogocha,53.7333,119.7667,47.75,65,100,1.34,RU,1696263166,47.75
156,nguigmi,14.2495,13.1092,86.342,41,100,6.43,NE,1696263504,86.342
157,sovetskaya gavan',48.9723,140.2878,50.108000000000004,83,100,8.2,RU,1696263504,50.108000000000004
158,shakawe,-18.3667,21.85,93.90200000000007,18,92,1.92,BW,1696263505,93.90200000000007
159,zeya,53.75,127.2667,42.89000000000002,85,55,1.34,RU,1696263505,42.89000000000002
160,qamdo,31.1667,97.2333,44.22200000000004,60,21,1.84,CN,1696263505,44.22200000000004
161,la passe,45.5549,-0.8967,88.03399999999999,53,5,5.39,FR,1696263119,88.03399999999999
162,ulaangom,49.9811,92.0667,43.97000000000006,66,2,0.43,MN,1696263505,43.97000000000006
163,chonchi,-42.6128,-73.8092,51.008,58,22,0.58,CL,1696263157,51.008
164,mont-laurier,46.5501,-75.4993,69.42200000000004,45,33,2.51,CA,1696263506,69.42200000000004
165,taupo,-38.6833,176.0833,44.81600000000001,75,59,5.96,NZ,1696263506,44.81600000000001
166,umluj,25.0213,37.2685,84.23600000000008,74,11,4.24,SA,1696263506,84.23600000000008
167,grand falls-windsor,48.9332,-55.6649,66.50600000000003,56,33,2.63,CA,1696263163,66.50600000000003
168,springbok,-29.6643,17.8865,79.10600000000002,21,0,3.27,ZA,1696263507,79.10600000000002
169,anna regina,7.2644,-58.5077,88.57400000000001,64,81,5.06,GY,1696263372,88.57400000000001
170,syzran',53.1585,48.4681,60.69199999999999,47,100,2.21,RU,1696263507,60.69199999999999
171,metro,-5.1131,105.3067,75.21800000000009,80,99,3.87,ID,1696263507,75.21800000000009
172,parkes,-33.1333,148.1833,66.72200000000004,59,97,6.02,AU,1696263507,66.72200000000004
173,coquimbo,-29.9533,-71.3436,62.33000000000004,63,75,3.6,CL,1696263391,62.33000000000004
174,callao,-12.0667,-77.15,70.08800000000005,78,100,2.06,PE,1696263508,70.08800000000005
175,kerikeri,-35.2268,173.9474,52.91600000000001,91,77,0.45,NZ,1696263164,52.91600000000001
176,berezovyy,51.6667,135.7,44.38399999999999,90,100,1.01,RU,1696263508,44.38399999999999
177,yorkton,51.2167,-102.4677,48.038000000000046,100,100,3.6,CA,1696263301,48.038000000000046
178,sinabang,2.4803,96.3801,80.13200000000002,79,91,5.21,ID,1696263211,80.13200000000002
179,alamo,20.9167,-97.6833,89.24000000000002,60,98,2.45,MX,1696263509,89.24000000000002
180,punta arenas,-53.15,-70.9167,42.908,61,100,5.66,CL,1696263132,42.908
181,saint-philippe,-21.3585,55.7679,74.78600000000007,83,51,2.04,RE,1696263037,74.78600000000007
182,minas de marcona,-15.2119,-75.1103,64.09400000000008,68,75,7.23,PE,1696263438,64.09400000000008
183,lycksele,64.5954,18.6735,42.674000000000014,93,100,2.06,SE,1696263205,42.674000000000014
184,nar'yan-mar,67.6713,53.087,39.110000000000085,78,99,9.39,RU,1696263028,39.110000000000085
185,villa yapacani,-17.4,-63.8333,99.10400000000006,31,47,5.42,BO,1696263510,99.10400000000006
186,bandarbeyla,9.4942,50.8122,79.7,88,35,5.62,SO,1696263510,79.7
187,namsos,64.4662,11.4957,51.854000000000056,93,75,1.03,NO,1696263511,51.854000000000056
188,kouango,4.9934,19.9619,78.8,87,100,1.25,CF,1696263511,78.8
189,anadyr,64.75,177.4833,34.30400000000005,80,0,7.0,RU,1696263157,34.30400000000005
190,puerto colombia,10.9878,-74.9547,91.49000000000002,71,100,1.51,CO,1696263511,91.49000000000002
191,vila franca do campo,37.7167,-25.4333,74.87600000000009,99,100,4.91,PT,1696263185,74.87600000000009
192,kavieng,-2.5744,150.7967,80.924,80,66,2.15,PG,1696263209,80.924
193,kaa-khem,51.6833,94.7333,43.412000000000056,55,37,1.44,RU,1696263192,43.412000000000056
194,haiku-pauwela,20.9219,-156.3051,74.04800000000003,82,0,3.09,US,1696263149,74.04800000000003
195,crane,31.3974,-102.3501,78.27800000000006,61,61,9.08,US,1696263108,78.27800000000006
196,keflavik,64.0049,-22.5624,48.110000000000085,71,0,11.83,IS,1696263127,48.110000000000085
197,sitka,57.0531,-135.33,51.69199999999999,87,100,4.12,US,1696262924,51.69199999999999
198,balkashino,52.5167,68.7667,48.038000000000046,65,1,1.89,KZ,1696263513,48.038000000000046
199,tual,-5.6667,132.75,79.82600000000009,88,22,6.06,ID,1696263513,79.82600000000009
200,mahajanga,-15.7167,46.3167,79.016,82,10,7.46,MG,1696263513,79.016
201,vryburg,-26.9566,24.7284,83.57000000000006,19,0,5.57,ZA,1696263513,83.57000000000006
202,enewetak,11.3474,162.3373,84.14600000000004,78,98,7.12,MH,1696263177,84.14600000000004
203,richards bay,-28.783,32.0377,65.984,57,0,6.25,ZA,1696263140,65.984
204,dhidhdhoo,6.8833,73.1,80.51000000000008,84,100,7.84,MV,1696263259,80.51000000000008
205,whistler,50.1164,-122.9695,43.82600000000009,100,100,0.0,CA,1696263514,43.82600000000009
206,aras-asan,8.8908,126.3033,78.42200000000004,89,100,2.67,PH,1696263515,78.42200000000004
207,vorkuta,67.5,64.0,47.174000000000014,95,100,7.12,RU,1696263255,47.174000000000014
208,ilulissat,69.2167,-51.1,30.218000000000085,55,0,1.54,GL,1696262976,30.218000000000085
209,dudinka,69.4058,86.1778,28.670000000000062,96,100,10.28,RU,1696263166,28.670000000000062
210,kiunga,-6.1219,141.2906,73.88600000000007,99,100,0.32,PG,1696263363,73.88600000000007
211,lockwood,45.8191,-108.4149,53.42000000000006,82,100,0.0,US,1696263172,53.42000000000006
212,gadzhiyevo,69.2551,33.3362,37.04000000000002,68,89,4.74,RU,1696263112,37.04000000000002
213,hithadhoo,-0.6,73.0833,82.61600000000001,74,7,5.67,MV,1696263144,82.61600000000001
214,longyearbyen,78.2186,15.6401,28.238000000000046,69,75,9.77,SJ,1696262925,28.238000000000046
215,bredasdorp,-34.5322,20.0403,67.208,55,0,3.02,ZA,1696263114,67.208
216,akureyri,65.6835,-18.0878,40.92800000000007,81,100,5.66,IS,1696263171,40.92800000000007
217,constantia,44.1833,28.65,66.88399999999999,42,9,6.75,RO,1696263152,66.88399999999999
218,lijiang,26.8688,100.2207,59.57600000000009,96,65,1.4,CN,1696263517,59.57600000000009
219,ghadamis,30.1337,9.5007,87.87200000000004,26,0,5.7,LY,1696263517,87.87200000000004
220,saranac lake,44.3295,-74.1313,70.12400000000001,44,0,2.06,US,1696263517,70.12400000000001
221,mahina,-17.5065,-149.489,74.96600000000001,88,75,2.57,PF,1696263517,74.96600000000001
222,sibut,5.718,19.0739,78.54800000000003,87,100,1.29,CF,1696263517,78.54800000000003
223,chegdomyn,51.1167,133.0167,41.32400000000001,89,73,0.89,RU,1696263518,41.32400000000001
224,mata-utu,-13.2816,-176.1745,80.07800000000006,81,100,10.74,WF,1696263518,80.07800000000006
225,las palmas de gran canaria,28.0997,-15.4134,80.72600000000008,74,0,9.26,ES,1696263518,80.72600000000008
226,meadow lakes,61.6247,-149.6011,42.74600000000005,96,100,3.09,US,1696263518,42.74600000000005
227,rongelap,11.1635,166.8941,83.53399999999999,80,100,5.32,MH,1696263020,83.53399999999999
228,borskoye,53.0333,51.7167,60.02600000000009,51,100,2.95,RU,1696263519,60.02600000000009
229,udomlya,57.8794,34.9925,50.55800000000001,89,100,2.92,RU,1696263519,50.55800000000001
230,cherdyn',60.403,56.4787,53.11400000000003,79,100,3.33,RU,1696263519,53.11400000000003
231,lebu,-37.6167,-73.65,52.754000000000055,80,85,3.24,CL,1696263145,52.754000000000055
232,broken hill,-31.95,141.4333,84.00200000000008,21,100,7.87,AU,1696263519,84.00200000000008
233,bella vista,36.4295,-94.2316,84.75800000000001,60,0,2.06,US,1696263374,84.75800000000001
234,kalmunai,7.4167,81.8167,78.20600000000003,87,58,7.4,LK,1696263520,78.20600000000003
235,lambarene,-0.7001,10.2406,85.47800000000007,67,50,2.08,GA,1696263520,85.47800000000007
236,igarka,67.4667,86.5833,32.59400000000007,98,100,10.17,RU,1696263151,32.59400000000007
237,zaozersk,69.4005,32.4476,36.06800000000008,75,93,4.18,RU,1696263358,36.06800000000008
238,boise,43.6135,-116.2035,55.05800000000001,89,0,3.6,US,1696263300,55.05800000000001
239,king's lynn,52.7517,0.3952,66.00200000000008,86,75,4.12,GB,1696263521,66.00200000000008
240,changping,40.2186,116.2197,55.04000000000002,56,30,1.17,CN,1696263521,55.04000000000002
241,chibougamau,49.9168,-74.3659,65.82200000000003,48,100,6.69,CA,1696263440,65.82200000000003
242,murghob,38.1702,73.9667,38.84000000000002,39,0,2.74,TJ,1696263521,38.84000000000002
243,kapuskasing,49.4169,-82.4331,73.49000000000002,78,75,5.14,CA,1696263252,73.49000000000002
244,kununurra,-15.7667,128.7333,76.98200000000001,73,59,1.54,AU,1696263013,76.98200000000001
245,kittila,67.6647,24.8936,35.74400000000007,80,40,1.03,FI,1696263522,35.74400000000007
246,harper,4.375,-7.7169,79.484,80,75,5.33,LR,1696263226,79.484
247,labrador city,52.9463,-66.9114,46.31000000000008,53,75,5.14,CA,1696263135,46.31000000000008
248,palmas,-10.2128,-48.3603,94.87400000000001,41,20,3.09,BR,1696263358,94.87400000000001
249,altai,46.3722,96.2583,37.43600000000007,71,87,0.35,MN,1696263092,37.43600000000007
250,ta`u,-14.2336,-169.5144,80.042,79,97,11.18,AS,1696263523,80.042
251,teluknaga,-6.0989,106.6381,85.98200000000001,74,40,1.54,ID,1696263523,85.98200000000001
252,swakopmund,-22.6833,14.5333,57.97400000000001,85,57,2.68,,1696263523,57.97400000000001
253,tindouf,27.6711,-8.1474,97.25,15,91,6.17,DZ,1696263459,97.25
254,bayji,34.9311,43.487,85.06400000000004,29,95,4.28,IQ,1696263523,85.06400000000004
255,merizo village,13.2658,144.6691,79.37600000000009,92,45,4.88,GU,1696263524,79.37600000000009
256,armidale,-30.5167,151.65,55.11200000000006,57,49,2.06,AU,1696263524,55.11200000000006
257,petropavlovsk-kamchatsky,53.0452,158.6483,46.45400000000005,90,100,6.71,RU,1696262981,46.45400000000005
258,namibe,-15.1961,12.1522,69.18800000000005,73,7,4.27,AO,1696262976,69.18800000000005
259,ulsteinvik,62.3432,5.8487,56.75,84,100,5.36,NO,1696262981,56.75
260,jamestown,42.097,-79.2353,77.01800000000009,61,0,0.89,US,1696263464,77.01800000000009
261,yigo village,13.5361,144.8886,78.13399999999999,88,75,3.6,GU,1696263525,78.13399999999999
262,usinsk,65.9939,57.5281,41.25200000000008,95,100,9.75,RU,1696263167,41.25200000000008
263,borodulikha,50.7184,80.9295,46.88600000000007,75,20,3.62,KZ,1696263526,46.88600000000007
264,reggane,26.7158,0.1714,99.392,13,1,6.09,DZ,1696263125,99.392
265,santana,-0.0583,-51.1817,93.38000000000004,52,40,6.17,BR,1696263526,93.38000000000004
266,lazaro cardenas,17.9583,-102.2,86.75600000000003,70,93,0.54,MX,1696263129,86.75600000000003
267,toyooka,35.5333,134.8333,60.81800000000008,70,63,0.55,JP,1696263526,60.81800000000008
268,mar del plata,-38.0023,-57.5575,61.52000000000006,83,75,5.66,AR,1696263363,61.52000000000006
269,rio grande,-32.035,-52.0986,71.708,67,0,2.73,BR,1696263187,71.708
270,salinas,36.6777,-121.6555,57.07400000000001,100,100,1.54,US,1696263250,57.07400000000001
271,georgetown,5.4112,100.3354,83.94800000000002,89,20,0.0,MY,1696262931,83.94800000000002
272,isafjordur,66.0755,-23.124,39.23600000000007,75,75,7.2,IS,1696263150,39.23600000000007
273,conceicao do araguaia,-8.2578,-49.2647,105.81800000000008,16,36,2.75,BR,1696263527,105.81800000000008
274,sankt veit an der glan,46.7681,14.3603,74.78600000000007,64,0,1.03,AT,1696263528,74.78600000000007
275,cidade velha,14.9167,-23.6167,90.06800000000008,58,40,2.57,CV,1696263305,90.06800000000008
276,chu,43.5983,73.7614,61.50200000000008,42,59,3.38,KZ,1696263528,61.50200000000008
277,ola,59.5833,151.2833,43.412000000000056,78,25,4.95,RU,1696263148,43.412000000000056
278,talagang,32.9297,72.4158,80.942,24,0,2.15,PK,1696263529,80.942
279,greymouth,-42.4667,171.2,40.71200000000006,88,24,3.56,NZ,1696263204,40.71200000000006
280,bosobolo,4.1833,19.9,78.51200000000006,88,100,1.1,CD,1696263529,78.51200000000006
281,lihue,21.9789,-159.3672,72.64400000000008,85,40,3.09,US,1696262932,72.64400000000008
282,tura,25.5198,90.2201,73.99400000000007,97,50,1.93,IN,1696263171,73.99400000000007
283,hadibu,12.65,54.0333,81.64400000000008,77,74,0.96,YE,1696263151,81.64400000000008
284,palu,-0.8917,119.8707,77.52200000000003,94,99,0.98,ID,1696263530,77.52200000000003
285,byron bay,-28.65,153.6167,59.702000000000076,86,1,4.64,AU,1696263350,59.702000000000076
286,yacuiba,-22.038,-63.6797,90.82400000000001,28,2,4.3,BO,1696263531,90.82400000000001
287,codrington,-38.2667,141.9667,62.20400000000005,74,75,8.73,AU,1696263206,62.20400000000005
288,lossiemouth,57.7214,-3.2834,58.91000000000008,63,75,8.23,GB,1696263531,58.91000000000008
289,hasaki,35.7333,140.8333,62.99600000000005,53,44,5.09,JP,1696263193,62.99600000000005
290,leninskoye,41.7589,69.3864,60.47600000000009,32,90,3.47,KZ,1696263342,60.47600000000009
291,uromi,6.7,6.3333,78.63800000000005,88,99,2.37,NG,1696263532,78.63800000000005
292,inarajan village,13.2736,144.7484,79.79000000000002,92,49,4.87,GU,1696263532,79.79000000000002
293,port lincoln,-34.7333,135.8667,57.23600000000007,73,76,4.15,AU,1696262941,57.23600000000007
294,palmer,42.1584,-72.3287,73.14800000000002,56,40,3.6,US,1696263533,73.14800000000002
295,utrik,11.2278,169.8474,83.516,79,66,6.5,MH,1696262923,83.516
296,labytnangi,66.6572,66.4183,48.056000000000026,84,62,4.92,RU,1696263121,48.056000000000026
297,floro,61.5996,5.0328,55.36400000000003,82,40,7.72,NO,1696263534,55.36400000000003
298,kupang,-10.1667,123.5833,79.37600000000009,83,9,4.12,ID,1696263166,79.37600000000009
299,chavusy,53.8075,30.9712,53.67200000000004,67,19,2.65,BY,1696263534,53.67200000000004
300,nagqu,31.5,92.0,39.596000000000046,90,79,1.25,CN,1696263534,39.596000000000046
301,antsiranana,-12.2787,49.2917,75.92000000000006,82,85,3.89,MG,1696263144,75.92000000000006
302,staroyur'yevo,53.3161,40.7081,54.89600000000005,71,100,1.31,RU,1696263535,54.89600000000005
303,vigan,17.5747,120.3869,79.79000000000002,85,100,1.36,PH,1696263535,79.79000000000002
304,srandakan,-7.9386,110.2506,72.59000000000002,92,83,1.51,ID,1696263535,72.59000000000002
305,ciudad guayana,8.3533,-62.6528,99.12200000000004,38,55,1.58,VE,1696263535,99.12200000000004
306,hobyo,5.3505,48.5268,78.99800000000002,85,12,9.2,SO,1696263535,78.99800000000002
307,mil'kovo,55.6078,37.7956,55.79600000000005,56,84,3.86,RU,1696263032,55.79600000000005
308,pionerskiy,54.9508,20.2275,64.14800000000002,83,100,5.76,RU,1696263536,64.14800000000002
309,neelankarai,12.9455,80.2575,86.05400000000006,84,20,4.12,IN,1696263536,86.05400000000006
310,jianshui,23.6363,102.8264,66.59600000000005,97,44,1.47,CN,1696263199,66.59600000000005
311,yuzhno-kurilsk,44.0306,145.8556,58.37000000000006,74,16,4.83,RU,1696263536,58.37000000000006
312,cassilandia,-19.1133,-51.7342,98.31200000000005,30,59,2.64,BR,1696263537,98.31200000000005
313,nhamunda,-2.1861,-56.7131,104.39600000000004,23,98,2.93,BR,1696263537,104.39600000000004
314,presque isle,46.6811,-68.0159,71.02400000000002,55,0,1.54,US,1696263431,71.02400000000002
315,tamanrasset,22.785,5.5228,78.71000000000008,31,40,3.6,DZ,1696263259,78.71000000000008
316,nuku'alofa,-21.1333,-175.2,68.342,68,20,6.69,TO,1696263538,68.342
317,penjamo,20.4333,-101.7333,70.82600000000009,55,100,2.8,MX,1696263538,70.82600000000009
318,isangel,-19.55,169.2667,70.68200000000002,79,54,6.89,VU,1696263538,70.68200000000002
319,zambezi,-13.5432,23.1047,95.9,14,79,3.92,ZM,1696263538,95.9
320,carnarvon,-24.8667,113.6333,64.184,64,0,10.69,AU,1696263156,64.184
321,araguaina,-7.1911,-48.2072,104.99000000000002,19,74,3.01,BR,1696263453,104.99000000000002
322,kamiiso,41.8167,140.65,60.22400000000001,64,38,8.6,JP,1696263539,60.22400000000001
323,yaren,-0.5472,166.916,82.56200000000005,79,24,5.07,NR,1696263222,82.56200000000005
324,kavali,14.9167,79.9833,85.08200000000002,63,97,6.43,IN,1696263539,85.08200000000002
325,taltal,-25.4,-70.4833,64.65200000000007,69,8,4.01,CL,1696263540,64.65200000000007
326,fort bragg,35.139,-79.006,80.74400000000007,55,20,4.63,US,1696263137,80.74400000000007
327,mastic beach,40.7668,-72.8521,75.05600000000003,68,0,3.58,US,1696263540,75.05600000000003
328,igrim,63.1906,64.4162,57.02000000000006,74,61,4.92,RU,1696263541,57.02000000000006
329,sitia,35.2,26.0986,76.98200000000001,68,14,11.1,GR,1696263541,76.98200000000001
330,shahrak,34.1074,64.3052,48.2,21,5,1.47,AF,1696263542,48.2
331,belmonte,-15.8631,-38.8828,82.97600000000008,69,40,4.93,BR,1696263213,82.97600000000008
332,gandi,12.9636,5.7434,89.24000000000002,49,99,3.85,NG,1696263543,89.24000000000002
333,bochum,51.4833,7.2167,78.65600000000003,55,100,1.13,DE,1696263544,78.65600000000003
334,ploneour-lanvern,47.9,-4.2833,66.52400000000002,88,100,3.6,FR,1696263544,66.52400000000002
335,luis correia,-2.8792,-41.6669,89.6,58,0,9.26,BR,1696263544,89.6
336,castillos,-34.1667,-53.8333,62.924000000000014,62,2,2.42,UY,1696263544,62.924000000000014
337,qingdao,36.0986,120.3719,65.80400000000006,72,0,2.0,CN,1696263544,65.80400000000006
338,ancud,-41.8697,-73.8203,49.064000000000036,61,17,1.97,CL,1696262939,49.064000000000036
339,luganville,-15.5333,167.1667,76.208,84,92,7.17,VU,1696263198,76.208
340,tipasa,36.5897,2.4475,78.908,64,0,4.27,DZ,1696263545,78.908
341,mancio lima,-7.6142,-72.8958,91.47200000000004,52,20,3.09,BR,1696263545,91.47200000000004
342,mahriz,31.5917,54.4318,79.30400000000006,14,2,1.44,IR,1696263546,79.30400000000006
343,howrah,22.5892,88.3103,80.6,89,75,2.06,IN,1696263249,80.6
344,hamilton,39.1834,-84.5333,82.72400000000002,56,0,2.06,US,1696263499,82.72400000000002
345,itamaraca,-7.7478,-34.8256,84.25400000000005,59,42,4.61,BR,1696263546,84.25400000000005
346,cabo san lucas,22.8909,-109.9124,89.61800000000008,69,20,6.17,MX,1696263143,89.61800000000008
347,nelidovo,56.2211,32.7774,49.01000000000008,77,88,1.36,RU,1696263547,49.01000000000008
348,liwale,-9.7667,37.9333,83.15600000000003,31,51,3.66,TZ,1696263547,83.15600000000003
349,icano,-28.9193,-65.3282,86.14400000000008,23,0,8.49,AR,1696263547,86.14400000000008
350,ghat,24.9647,10.1728,90.14000000000001,21,43,2.15,LY,1696263547,90.14000000000001
351,holly springs,35.6513,-78.8336,81.05,60,0,1.34,US,1696263349,81.05
352,arkalyk,50.2486,66.9114,54.338000000000044,54,22,4.15,KZ,1696263548,54.338000000000044
353,juneau,58.3019,-134.4197,49.208000000000006,97,100,4.63,US,1696263548,49.208000000000006
354,grange,-34.9,138.4833,63.69800000000002,82,100,3.09,AU,1696263548,63.69800000000002
355,zilupe,56.3862,28.1217,52.538000000000046,75,85,2.31,LV,1696263548,52.538000000000046
356,melekeok village,7.4957,134.6367,77.558,94,75,0.0,PW,1696263549,77.558
357,mpika,-11.8343,31.4529,80.34800000000003,24,15,5.25,ZM,1696263549,80.34800000000003
358,collie,-33.3667,116.15,50.14400000000008,64,88,3.72,AU,1696263549,50.14400000000008
359,quellon,-43.1167,-73.6167,49.04600000000005,66,16,1.86,CL,1696263139,49.04600000000005
360,san fernando,15.0286,120.6898,82.13000000000004,92,100,1.05,PH,1696263549,82.13000000000004
361,bengkulu,-3.8004,102.2655,72.842,93,32,3.35,ID,1696263550,72.842
362,morogoro,-6.8167,37.6667,80.51000000000008,39,53,2.51,TZ,1696263550,80.51000000000008
363,corner brook,48.9667,-57.9484,62.76200000000006,43,32,2.93,CA,1696263308,62.76200000000006
364,guarapari,-20.6667,-40.4975,77.9,77,82,3.31,BR,1696263551,77.9
365,aginskoye,51.1,114.53,37.86800000000009,48,42,6.24,RU,1696263551,37.86800000000009
366,ebon,4.582,168.6964,83.48000000000005,74,3,1.53,MH,1696263180,83.48000000000005
367,santa ana,33.7456,-117.8678,66.7760000000001,71,20,2.06,US,1696263552,66.7760000000001
368,suwayr,30.1171,40.3893,88.73600000000008,25,95,3.54,SA,1696263552,88.73600000000008
369,arkhangel'sk,64.5401,40.5433,43.12400000000001,75,28,1.15,RU,1696263515,43.12400000000001
370,port mathurin,-19.6833,63.4167,74.408,86,58,6.5,MU,1696263122,74.408
371,genhe,50.7833,121.5167,44.438000000000045,66,100,0.5,CN,1696263553,44.438000000000045
372,hangu,39.2489,117.7892,69.83600000000007,53,34,3.88,CN,1696263553,69.83600000000007
373,cerro azul,21.2,-97.7333,84.88399999999999,64,100,2.21,MX,1696263452,84.88399999999999
374,shingu,33.7333,135.9833,61.10600000000003,71,50,2.96,JP,1696263164,61.10600000000003
375,tabou,4.423,-7.3528,79.50200000000008,80,60,5.32,CI,1696263554,79.50200000000008
376,kodinsk,58.6881,99.1844,29.282000000000018,97,85,2.1,RU,1696263554,29.282000000000018
377,tulum,20.2167,-87.4667,88.95200000000008,62,75,1.53,MX,1696263554,88.95200000000008
378,molepolole,-24.4066,25.4951,79.016,25,0,6.61,BW,1696263555,79.016
379,uglegorsk,49.0833,142.0333,55.59800000000003,89,100,12.14,RU,1696263555,55.59800000000003
380,rurrenabaque,-14.4413,-67.5278,98.58200000000002,35,52,2.86,BO,1696263555,98.58200000000002
381,sandnessjoen,66.0217,12.6316,48.41600000000001,87,75,5.14,NO,1696263057,48.41600000000001
382,anacapri,40.5558,14.2136,78.60200000000007,60,0,0.0,IT,1696263556,78.60200000000007
383,hammerfest,70.6634,23.6821,36.05,87,75,0.0,NO,1696263251,36.05
384,cidreira,-30.1811,-50.2056,62.041999999999994,61,0,4.43,BR,1696263116,62.041999999999994
385,puerto deseado,-47.7503,-65.8938,50.342,58,0,6.16,AR,1696263556,50.342
386,auki,-8.7676,160.7034,77.82800000000006,92,46,2.41,SB,1696263557,77.82800000000006
387,tshabong,-26.05,22.45,90.57200000000003,15,0,3.83,BW,1696263168,90.57200000000003
388,new norfolk,-42.7826,147.0587,52.91600000000001,74,0,1.43,AU,1696263557,52.91600000000001
389,glodeni,47.7708,27.5144,62.978000000000065,38,1,3.29,MD,1696263557,62.978000000000065
390,salekhard,66.53,66.6019,48.056000000000026,79,63,4.47,RU,1696263177,48.056000000000026
391,tokar,18.4254,37.729,87.98000000000005,61,5,3.76,SD,1696263558,87.98000000000005
392,lere,10.387,8.5726,77.07200000000003,84,85,1.26,NG,1696263558,77.07200000000003
393,kuragino,53.8975,92.6725,44.76200000000006,76,100,0.75,RU,1696263558,44.76200000000006
394,puerto baquerizo moreno,-0.9,-89.6,77.99000000000002,83,75,6.17,EC,1696263108,77.99000000000002
395,nuuk,64.1835,-51.7216,38.01200000000006,70,75,1.03,GL,1696263001,38.01200000000006
396,luderitz,-26.6481,15.1594,64.79600000000005,68,1,4.58,,1696263176,64.79600000000005
397,bodaybo,57.8506,114.1933,31.388000000000044,91,96,1.18,RU,1696263153,31.388000000000044
398,deqen,29.9618,90.7188,51.13399999999999,75,19,2.18,CN,1696263560,51.13399999999999
399,kamyshlov,56.8428,62.7111,55.544000000000075,68,98,5.24,RU,1696263560,55.544000000000075
400,rondonopolis,-16.4708,-54.6356,104.36000000000008,24,28,2.43,BR,1696263468,104.36000000000008
401,borogontsy,62.6683,131.1683,45.28399999999999,87,100,2.24,RU,1696263140,45.28399999999999
402,klaksvik,62.2266,-6.589,49.11800000000009,87,100,10.93,FO,1696263561,49.11800000000009
403,broome,42.2506,-75.833,73.20200000000008,79,100,0.45,US,1696263512,73.20200000000008
404,padang,-0.9492,100.3543,75.25400000000005,84,72,2.3,ID,1696263561,75.25400000000005
405,newman,37.3138,-121.0208,64.23800000000004,65,3,0.89,US,1696263140,64.23800000000004
406,portales,34.1862,-103.3344,70.484,66,78,8.4,US,1696263476,70.484
407,bamboo flat,11.7,92.7167,80.88800000000005,85,98,4.27,IN,1696262988,80.88800000000005
408,oborniki,52.6474,16.8141,71.49199999999999,59,99,2.56,PL,1696263562,71.49199999999999
409,kapa'a,22.0752,-159.319,73.38200000000002,85,40,3.09,US,1696263562,73.38200000000002
410,shijiazhuang,38.0414,114.4786,57.056000000000026,63,80,1.7,CN,1696263562,57.056000000000026
411,santa cruz,-17.8,-63.1667,92.66000000000008,46,20,7.72,BO,1696263563,92.66000000000008
412,sola,-13.8833,167.55,78.24199999999999,82,96,11.6,VU,1696263563,78.24199999999999
413,ouesso,1.6136,16.0517,84.95600000000003,69,91,0.83,CG,1696263563,84.95600000000003
414,prestea,5.4327,-2.1428,83.516,76,77,2.7,GH,1696263564,83.516
415,el abiodh sidi cheikh,32.893,0.5484,84.434,20,0,2.59,DZ,1696263564,84.434
416,kotlas,61.2611,46.6556,51.062000000000054,92,100,4.02,RU,1696263564,51.062000000000054
417,taoudenni,22.6783,-3.9836,108.42800000000007,9,87,1.51,ML,1696263256,108.42800000000007
418,summerside,46.3959,-63.7876,68.46800000000009,42,11,2.06,CA,1696263297,68.46800000000009
419,ciudad lazaro cardenas,17.9583,-102.2,86.75600000000003,70,93,0.54,MX,1696263565,86.75600000000003
420,baikonur,45.6167,63.3167,61.682000000000016,38,0,1.67,KZ,1696263565,61.682000000000016
421,east brainerd,34.9959,-85.1502,82.27400000000002,61,20,0.89,US,1696263566,82.27400000000002
422,massawa,15.6097,39.45,91.77800000000006,56,1,1.11,ER,1696263566,91.77800000000006
423,inda silase,14.1031,38.2829,67.28000000000004,59,44,0.45,ET,1696263566,67.28000000000004
424,ambon,-3.6954,128.1814,81.87800000000007,95,40,0.51,ID,1696263016,81.87800000000007
425,i-n-salah,27.1935,2.4607,96.72800000000007,16,0,8.26,DZ,1696263566,96.72800000000007
426,valledupar,10.4631,-73.2532,92.94800000000002,49,75,1.22,CO,1696263456,92.94800000000002
427,rzepin,52.3464,14.8323,71.18600000000006,56,100,1.76,PL,1696263567,71.18600000000006
428,mount gambier,-37.8333,140.7667,59.12600000000009,85,99,6.1,AU,1696263204,59.12600000000009
429,tetouan,35.5711,-5.3724,75.97400000000002,73,75,5.66,MA,1696263567,75.97400000000002
430,christchurch,-43.5333,172.6333,42.998000000000026,72,59,7.72,NZ,1696262961,42.998000000000026
431,villa gesell,-37.2639,-56.973,59.05400000000005,68,22,6.72,AR,1696263210,59.05400000000005
432,mangaratiba,-22.9597,-44.0406,70.66400000000003,91,100,2.04,BR,1696263568,70.66400000000003
433,coxen hole,16.3244,-86.5366,87.08000000000004,74,20,4.12,HN,1696263568,87.08000000000004
434,urucui,-7.2294,-44.5561,106.46600000000001,13,25,2.73,BR,1696263568,106.46600000000001
435,axim,4.8699,-2.2405,81.62600000000009,75,38,4.32,GH,1696263568,81.62600000000009
436,the pas,53.8251,-101.2541,42.81800000000008,87,100,2.57,CA,1696263568,42.81800000000008
437,freeport,40.6576,-73.5832,77.30600000000003,64,0,5.14,US,1696263569,77.30600000000003
438,rikaze,29.25,88.8833,57.23600000000007,46,60,2.58,CN,1696263569,57.23600000000007
439,bayanhongor,46.7167,100.1167,34.17800000000007,66,9,2.03,MN,1696263569,34.17800000000007
440,nykobing mors,56.7933,8.8528,61.17800000000007,82,100,3.51,DK,1696263569,61.17800000000007
441,huangnihe,43.5583,128.0239,45.932000000000016,71,31,1.22,CN,1696263570,45.932000000000016
442,brisas de zicatela,15.8369,-97.0419,86.52200000000003,62,75,0.0,MX,1696263183,86.52200000000003
443,lechinta,47.0167,24.35,59.306000000000026,51,1,2.48,RO,1696263570,59.306000000000026
444,koungou,-12.7336,45.2042,80.31200000000005,74,0,3.6,YT,1696263570,80.31200000000005
445,menongue,-14.6585,17.691,90.80600000000003,19,85,5.88,AO,1696263571,90.80600000000003
446,copala,16.65,-98.9833,85.98200000000001,69,83,1.05,MX,1696263571,85.98200000000001
447,kedougou,12.5579,-12.1743,93.7760000000001,62,40,2.06,SN,1696263571,93.7760000000001
448,san benito,36.6166,-121.0844,51.51200000000006,70,1,0.17,US,1696263572,51.51200000000006
449,cine,37.6117,28.0614,76.40600000000003,47,47,3.85,TR,1696263572,76.40600000000003
450,saint-pierre,-21.3393,55.4781,74.87600000000009,73,100,1.54,RE,1696263152,74.87600000000009
451,lorengau,-2.0226,147.2712,80.13200000000002,81,100,2.75,PG,1696263153,80.13200000000002
452,pontianak,-0.0333,109.3333,76.98200000000001,88,20,1.03,ID,1696263220,76.98200000000001
453,barentin,49.5453,0.9552,83.28200000000001,51,79,3.56,FR,1696263572,83.28200000000001
454,gaspe,48.8334,-64.4819,62.81600000000001,59,75,2.57,CA,1696263306,62.81600000000001
455,pitoa,9.3833,13.5333,87.81800000000008,59,100,2.72,CM,1696263573,87.81800000000008
456,pundong,-7.9522,110.3486,72.68000000000004,93,84,0.94,ID,1696263573,72.68000000000004
457,la ronge,55.1001,-105.2842,44.852000000000075,76,100,4.12,CA,1696263136,44.852000000000075
458,birao,10.2849,22.7882,80.67200000000004,78,97,3.17,CF,1696263573,80.67200000000004
459,ixtapa,20.7,-105.2,87.22400000000002,62,75,2.24,MX,1696263574,87.22400000000002
460,san pedro pochutla,15.7333,-96.4667,89.31200000000005,72,99,0.4,MX,1696263574,89.31200000000005
461,cartagena del chaira,1.3349,-74.8429,94.658,44,44,0.31,CO,1696263574,94.658
462,velingara,13.15,-14.1167,93.86600000000001,53,100,0.93,SN,1696263574,93.86600000000001
463,deqing,30.5448,119.9599,65.31800000000008,84,73,0.71,CN,1696263574,65.31800000000008
464,prince rupert,54.3161,-130.3201,51.89000000000002,97,100,5.14,CA,1696263308,51.89000000000002
465,ballito,-29.539,31.2144,66.34400000000008,63,0,6.69,ZA,1696263575,66.34400000000008
466,dhamar,14.5427,44.4051,65.89400000000008,26,0,4.48,YE,1696263575,65.89400000000008
467,ulladulla,-35.35,150.4667,61.86200000000006,78,99,4.46,AU,1696263575,61.86200000000006
468,kalispell,48.1958,-114.3129,54.5,75,100,1.54,US,1696263575,54.5
469,macapa,0.0389,-51.0664,93.18200000000002,52,40,6.17,BR,1696263576,93.18200000000002
470,umm as sahik,26.6536,49.9164,91.58000000000004,43,0,4.34,SA,1696263576,91.58000000000004
471,alheim,51.0333,9.6667,76.28000000000004,42,74,1.92,DE,1696263576,76.28000000000004
472,tadjourah,12.0,42.5,90.17600000000009,33,0,6.09,DJ,1696263576,90.17600000000009
473,marsabit,2.3284,37.9899,77.81000000000009,34,7,8.34,KE,1696263577,77.81000000000009
474,bhimunipatnam,17.8833,83.4333,81.91400000000003,81,100,6.76,IN,1696263577,81.91400000000003
475,morant bay,17.8815,-76.4093,94.71200000000006,67,100,1.02,JM,1696263577,94.71200000000006
476,salinopolis,-0.6136,-47.3561,86.48600000000008,65,74,6.29,BR,1696263123,86.48600000000008
477,fort-shevchenko,44.5086,50.263,69.96200000000006,42,87,2.87,KZ,1696263578,69.96200000000006
478,namtsy,62.7161,129.6658,46.05800000000001,84,100,0.8,RU,1696263578,46.05800000000001
479,east london,-33.0153,27.9116,67.13600000000007,77,0,7.2,ZA,1696263219,67.13600000000007
480,jerez de la frontera,36.6865,-6.1361,94.1,39,0,5.14,ES,1696263578,94.1
481,north ward,-19.2454,146.8075,71.51000000000008,83,100,2.57,AU,1696263578,71.51000000000008
482,ivdel',60.6911,60.4206,55.18399999999999,77,100,3.48,RU,1696263579,55.18399999999999
483,port isabel,26.0734,-97.2086,91.43600000000006,69,0,5.14,US,1696263579,91.43600000000006
484,zima,53.9202,102.0442,38.06600000000001,74,98,0.66,RU,1696263579,38.06600000000001
485,plettenberg bay,-34.0527,23.3716,67.02800000000006,66,3,1.57,ZA,1696263579,67.02800000000006
486,acajutla,13.5928,-89.8275,81.86000000000008,78,99,1.28,SV,1696263579,81.86000000000008
487,geraldton,-28.7667,114.6,59.41400000000003,58,75,3.6,AU,1696263580,59.41400000000003
488,pekalongan,-6.8886,109.6753,78.24199999999999,74,65,1.64,ID,1696263482,78.24199999999999
489,onega,63.9061,38.1404,41.75600000000003,86,44,1.02,RU,1696263581,41.75600000000003
490,kiruna,67.8557,20.2251,34.71800000000009,87,75,2.57,SE,1696263581,34.71800000000009
491,sao jose da coroa grande,-8.8978,-35.1478,81.41000000000008,61,3,4.32,BR,1696263581,81.41000000000008
492,solwezi,-12.1688,26.3894,85.442,17,33,3.71,ZM,1696263581,85.442
493,princeville,45.7668,-61.2985,69.60200000000007,59,0,4.63,CA,1696263581,69.60200000000007
494,santona,43.4439,-3.4576,76.208,77,0,5.51,ES,1696263582,76.208
495,laguna,38.421,-121.4238,67.08200000000002,76,0,1.54,US,1696263582,67.08200000000002
496,nuriootpa,-34.4833,139.0,59.55800000000001,97,39,6.28,AU,1696263582,59.55800000000001
497,olinda,-8.0089,-34.8553,83.93000000000004,58,0,5.14,BR,1696263582,83.93000000000004
498,ponta delgada,37.7333,-25.6667,74.192,60,20,6.69,PT,1696263582,74.192
499,impfondo,1.6381,18.0667,78.51200000000006,82,100,1.47,CG,1696263583,78.51200000000006
500,port saint john's,-31.6229,29.5448,67.74800000000002,72,0,10.0,ZA,1696263153,67.74800000000002
501,nova sintra,14.8667,-24.7167,75.41600000000001,78,76,2.58,CV,1696263120,75.41600000000001
502,gustine,37.2577,-120.9988,65.174,60,3,0.45,US,1696263583,65.174
503,borba,-4.3878,-59.5939,106.91600000000001,19,98,1.4,BR,1696263584,106.91600000000001
504,kolonia,50.9333,6.95,80.96000000000008,52,0,3.6,DE,1696263584,80.96000000000008
505,taroa,8.7058,171.2275,83.31800000000008,77,99,5.76,MH,1696263584,83.31800000000008
506,vila do maio,15.1333,-23.2167,90.392,78,75,3.92,CV,1696263584,90.392
507,thief river falls,48.1191,-96.1812,75.12800000000007,53,0,7.72,US,1696263584,75.12800000000007
508,lubango,-14.9172,13.4925,87.04400000000007,14,26,1.07,AO,1696263585,87.04400000000007
509,si bun rueang,16.9667,102.2833,77.52200000000003,89,44,0.96,TH,1696263585,77.52200000000003
510,san sebastian de la gomera,28.0916,-17.1133,88.37600000000009,45,0,1.54,ES,1696263585,88.37600000000009
511,badger,64.8,-147.5333,33.98000000000004,94,100,1.54,US,1696263160,33.98000000000004
512,soio,-6.1349,12.3689,78.17000000000006,81,55,5.67,AO,1696263585,78.17000000000006
513,lamu,-2.2717,40.902,79.016,81,46,6.18,KE,1696263158,79.016
514,magadan,59.5667,150.8,42.81800000000008,77,12,3.13,RU,1696263586,42.81800000000008
515,sulak,43.2734,47.5146,71.13200000000002,79,95,5.23,RU,1696263586,71.13200000000002
516,jagannathpur,22.2333,85.65,75.34400000000008,95,99,1.73,IN,1696263586,75.34400000000008
517,concepcion,-36.827,-73.0498,55.202000000000076,67,75,4.63,CL,1696263587,55.202000000000076
518,flying fish cove,-10.4217,105.6791,74.87600000000009,83,75,5.14,CX,1696263587,74.87600000000009
519,nebbi,2.4783,31.0889,74.84000000000002,68,47,2.37,UG,1696263587,74.84000000000002
520,guiuan,11.0333,125.7247,84.092,78,99,5.27,PH,1696263588,84.092
521,flin flon,54.7682,-101.865,40.838000000000044,93,100,2.06,CA,1696263146,40.838000000000044
522,martuk,50.7475,56.5056,61.19600000000005,41,100,4.24,KZ,1696263588,61.19600000000005
523,touros,-5.1989,-35.4608,85.35200000000007,57,38,6.8,BR,1696262938,85.35200000000007
524,nizhnesortymskiy,62.4397,71.7603,52.772000000000034,76,100,9.21,RU,1696263439,52.772000000000034
525,verkhnevilyuysk,63.4453,120.3167,36.95,88,100,4.47,RU,1696263589,36.95
526,port augusta,-32.5,137.7667,64.07600000000009,65,99,5.5,AU,1696263589,64.07600000000009
527,huaihua,27.5494,109.9592,70.79000000000002,89,100,1.7,CN,1696263443,70.79000000000002
528,urengoy,65.9667,78.3667,42.11600000000001,99,100,5.36,RU,1696263590,42.11600000000001
529,quezon,7.7303,125.0989,72.08600000000007,88,89,0.57,PH,1696263590,72.08600000000007
530,frontera,26.9333,-101.45,82.88600000000007,66,74,1.34,MX,1696263532,82.88600000000007
531,dungannon,54.5034,-6.7672,56.714000000000034,82,100,3.96,GB,1696263591,56.714000000000034
532,port shepstone,-30.7414,30.455,66.63200000000002,71,0,12.67,ZA,1696263122,66.63200000000002
533,wielun,51.221,18.5696,69.09800000000003,54,62,2.89,PL,1696263591,69.09800000000003
534,ifanadiana,-21.3,47.6333,68.32400000000001,96,59,2.55,MG,1696263591,68.32400000000001
535,estepona,36.4276,-5.1459,75.02000000000007,50,62,3.09,ES,1696263592,75.02000000000007
536,cuite,-6.4836,-36.1536,89.942,25,59,4.43,BR,1696263592,89.942
537,celestun,20.8667,-90.4,88.32200000000003,59,40,1.13,MX,1696263163,88.32200000000003
538,puerto santa,-8.9906,-78.6456,69.20600000000003,78,33,4.11,PE,1696263592,69.20600000000003
539,bodo,67.28,14.405,46.94000000000002,78,75,3.09,NO,1696263592,46.94000000000002
540,puerto aysen,-45.4,-72.7,45.03200000000002,89,99,1.4,CL,1696263593,45.03200000000002
541,cockburn town,21.4612,-71.1419,83.87600000000009,75,99,6.1,TC,1696263014,83.87600000000009
542,khandud,36.9513,72.318,46.47200000000004,56,52,1.75,AF,1696263593,46.47200000000004
543,bantilan,14.7519,121.6656,81.91400000000003,83,100,3.91,PH,1696263593,81.91400000000003
544,huai'an,33.5886,119.0192,65.55200000000008,73,100,1.82,CN,1696263593,65.55200000000008
545,dwarka,22.2394,68.9678,80.87000000000006,79,1,4.66,IN,1696263594,80.87000000000006
546,arraial do cabo,-22.9661,-42.0278,71.45600000000003,88,75,5.14,BR,1696262958,71.45600000000003
547,kananga,-5.8958,22.4178,84.61400000000003,53,73,1.88,CD,1696263594,84.61400000000003
548,yeppoon,-23.1333,150.7333,65.984,79,0,4.69,AU,1696263216,65.984
549,aldinga beach,-35.2793,138.4604,63.42800000000007,90,75,6.9,AU,1696263594,63.42800000000007
550,puerto armuelles,8.2833,-82.8667,87.78200000000001,72,100,0.45,PA,1696263195,87.78200000000001
551,nouadhibou,20.931,-17.0347,75.00200000000008,66,0,8.87,MR,1696263185,75.00200000000008
552,phan rang-thap cham,11.5667,108.9833,76.85600000000002,91,99,1.42,VN,1696263595,76.85600000000002
553,rengo,-34.4167,-70.8667,60.56600000000001,82,98,0.72,CL,1696263595,60.56600000000001
554,coyhaique,-45.5752,-72.0662,52.412000000000056,43,75,2.57,CL,1696263595,52.412000000000056
555,dunedin,-45.8742,170.5036,41.81000000000008,82,79,2.68,NZ,1696263168,41.81000000000008
556,awjilah,29.1081,21.2869,83.53399999999999,31,69,4.91,LY,1696263266,83.53399999999999
557,taguatinga,-12.3857,-46.5711,107.816,11,13,1.4,BR,1696263596,107.816
558,el quebrachal,-25.2833,-64.0667,90.93200000000002,23,2,5.54,AR,1696263596,90.93200000000002
559,mangrol,21.1167,70.1167,80.31200000000005,73,6,3.78,IN,1696263325,80.31200000000005
560,mount isa,-20.7333,139.5,60.56600000000001,39,0,0.0,AU,1696263313,60.56600000000001
561,bongor,10.2806,15.3722,79.41200000000006,77,98,1.04,TD,1696263597,79.41200000000006
562,chui,-33.6971,-53.4616,62.24000000000002,63,0,2.19,UY,1696263597,62.24000000000002
563,aasiaat,68.7098,-52.8699,26.762000000000057,60,1,5.98,GL,1696262923,26.762000000000057
564,cedeira,43.6797,-8.0209,75.38000000000004,77,100,7.51,ES,1696263598,75.38000000000004
565,buckeye,33.3703,-112.5838,78.81800000000008,36,2,3.24,US,1696263404,78.81800000000008
566,villanueva,15.3167,-88.0,90.03200000000001,66,40,1.54,HN,1696263598,90.03200000000001
567,salym,60.0625,71.4789,51.63800000000005,73,100,5.23,RU,1696263599,51.63800000000005
568,hefei,31.8639,117.2808,62.61800000000009,94,100,2.0,CN,1696263533,62.61800000000009
569,waddan,29.1614,16.139,82.54400000000007,29,0,4.08,LY,1696263599,82.54400000000007
570,neiafu,-18.65,-173.9833,74.08399999999999,68,75,3.6,TO,1696263599,74.08399999999999
571,timimoun,29.2639,0.231,91.77800000000006,15,0,8.75,DZ,1696263142,91.77800000000006
572,abu dhabi,24.4667,54.3667,94.94600000000005,57,0,3.09,AE,1696263600,94.94600000000005
573,quila,24.4228,-107.22,89.45600000000003,63,13,0.98,MX,1696263600,89.45600000000003
574,binji,13.2228,4.9096,92.22800000000007,42,100,4.28,NG,1696263600,92.22800000000007
575,mitsamiouli,-11.3847,43.2844,78.92600000000009,75,15,1.98,KM,1696263600,78.92600000000009
576,areia branca,-4.9561,-37.1369,98.79800000000003,48,48,8.0,BR,1696263601,98.79800000000003
577,melilla,35.2937,-2.9383,80.79800000000003,73,20,3.09,ES,1696263591,80.79800000000003
578,kailua-kona,19.6406,-155.9956,77.59400000000008,77,40,3.58,US,1696263165,77.59400000000008
579,pemba,-12.974,40.5178,81.30200000000008,78,20,3.6,MZ,1696263220,81.30200000000008
580,mokhsogollokh,61.4681,128.9203,40.40600000000003,77,100,0.44,RU,1696263602,40.40600000000003
581,micheweni,-4.9667,39.8333,78.06200000000005,79,13,5.64,TZ,1696263602,78.06200000000005
582,hotan,37.0997,79.9269,69.42200000000004,16,99,1.63,CN,1696263604,69.42200000000004
583,mingguang,32.7802,117.9638,66.14600000000004,75,100,2.89,CN,1696263608,66.14600000000004
584,punta del este,-34.9667,-54.95,60.908,79,20,5.66,UY,1696263608,60.908
585,sijunjung,-0.6876,100.9537,73.50800000000001,89,76,1.15,ID,1696263609,73.50800000000001
586,tadine,-21.55,167.8833,69.42200000000004,74,100,7.5,NC,1696263609,69.42200000000004
587,opuwo,-18.0607,13.84,97.25,8,1,5.97,,1696263317,97.25
588,harstad,68.799,16.5293,45.788000000000046,98,100,2.68,NO,1696263343,45.788000000000046
589,vadso,70.0744,29.7487,38.28200000000002,75,75,3.6,NO,1696262956,38.28200000000002
590,lethem,3.3803,-59.7968,102.07400000000001,20,61,1.65,GY,1696263169,102.07400000000001
591,kelmentsi,48.4656,26.83,60.54800000000002,46,2,2.91,UA,1696263611,60.54800000000002
592,meknes,33.9776,-5.525,95.88200000000002,31,0,5.66,MA,1696263612,95.88200000000002
593,mercedes,-34.6515,-59.4307,69.85400000000006,31,60,4.3,AR,1696263612,69.85400000000006
594,pointe-du-lac,46.2869,-72.6845,70.79000000000002,64,13,1.54,CA,1696263612,70.79000000000002
595,port blair,11.6667,92.75,78.83600000000007,94,75,1.03,IN,1696263613,78.83600000000007
596,karratha,-20.7377,116.8463,79.808,26,2,4.31,AU,1696263246,79.808
597,fairmont,39.4851,-80.1426,78.24199999999999,73,0,1.68,US,1696263614,78.24199999999999
598,culfa,38.9558,45.6308,66.07400000000001,67,96,1.9,AZ,1696263615,66.07400000000001
599,antofagasta,-23.65,-70.4,61.88000000000004,69,27,4.3,CL,1696263395,61.88000000000004
600,eyl,7.9803,49.8164,80.87000000000006,78,13,8.12,SO,1696263615,80.87000000000006
601,shimokizukuri,40.8061,140.3861,63.518000000000086,69,63,6.41,JP,1696263615,63.518000000000086
602,alice springs,-23.7,133.8833,87.35,16,53,5.66,AU,1696263195,87.35
603,butembo,0.15,29.2833,65.858,72,36,1.94,CD,1696263616,65.858
604,hisar,29.1667,75.7167,80.942,20,6,3.5,IN,1696263616,80.942
605,saint-louis,16.3333,-15.0,103.47800000000007,15,48,1.52,SN,1696263616,103.47800000000007
